1,Emily,Johnson,Smith,28,female,emily.johnson@x.dummyjson.com,+81 965-431-3024,emilys,emilyspass,1996-5-30,https://dummyjson.com/icon/emilys/128,O-,193,63,Green,42.48.100.32,47:fa:41:18:ec:eb,University of Wisconsin--Madison,977-175,900-590-289,Mozilla/5.0 (Macintosh; Intel Mac OS X 10_15_7) AppleWebKit/537.36 (KHTML, like Gecko) Chrome/96.0.4664.93 Safari/537.36,admin
2,Michael,Williams,,35,male,michael.williams@x.dummyjson.com,+49 258-627-6644,michaelw,michaelwpass,1989-8-10,https://dummyjson.com/icon/michaelw/128,B+,186,76,Red,12.13.116.142,79:15:78:99:60:aa,Ohio State University,912-602,108-953-962,Mozilla/5.0 (Windows NT 10.0; Win64; x64) AppleWebKit/537.36 (KHTML, like Gecko) Edge/97.0.1072.76 Safari/537.36,admin
3,Sophia,Brown,,42,female,sophia.brown@x.dummyjson.com,+81 210-652-2785,sophiab,sophiabpass,1982-11-6,https://dummyjson.com/icon/sophiab/128,O-,178,53,Hazel,214.225.51.195,12:a3:d3:6f:5c:5b,Pepperdine University,963-113,638-461-822,Mozilla/5.0 (Windows NT 10.0; Win64; x64) AppleWebKit/537.36 (KHTML, like Gecko) Chrome/96.0.4664.45 Safari/537.36,admin
4,James,Davis,,45,male,james.davis@x.dummyjson.com,+49 614-958-9364,jamesd,jamesdpass,1979-5-4,https://dummyjson.com/icon/jamesd/128,AB+,193,62,Amber,101.118.131.66,10:7d:df:1f:97:58,University of Southern California,904-810,116-951-314,Mozilla/5.0 (Macintosh; Intel Mac OS X 10_15_7) AppleWebKit/537.36 (KHTML, like Gecko) Chrome/97.0.4692.99 Safari/537.36,admin
5,Emma,Miller,Johnson,30,female,emma.miller@x.dummyjson.com,+91 759-776-1614,emmaj,emmajpass,1994-6-13,https://dummyjson.com/icon/emmaj/128,AB-,193,64,Green,224.126.22.183,32:b9:7e:8d:f5:e8,Northeastern University,403-505,526-210-885,Mozilla/5.0 (Windows NT 10.0; Win64; x64; rv:97.0) Gecko/20100101 Firefox/97.0,admin
6,Olivia,Wilson,,22,female,olivia.wilson@x.dummyjson.com,+91 607-295-6448,oliviaw,oliviawpass,2002-4-20,https://dummyjson.com/icon/oliviaw/128,B+,183,58,Hazel,249.178.112.207,9c:7f:ea:34:18:19,University of North Carolina--Chapel Hill,921-709,836-772-168,Mozilla/5.0 (Macintosh; Intel Mac OS X 10_15_7) AppleWebKit/605.1.15 (KHTML, like Gecko) Version/15.3 Safari/605.1.15,moderator
7,Alexander,Jones,,38,male,alexander.jones@x.dummyjson.com,+61 260-824-4986,alexanderj,alexanderjpass,1986-10-20,https://dummyjson.com/icon/alexanderj/128,AB-,154,77,Blue,166.204.84.32,d2:64:58:2d:1c:46,University of Illinois--Urbana-Champaign,638-127,722-993-925,Mozilla/5.0 (Macintosh; Intel Mac OS X 10_15_7) AppleWebKit/537.36 (KHTML, like Gecko) Chrome/95.0.4638.69 Safari/537.36,moderator
8,Ava,Taylor,,27,female,ava.taylor@x.dummyjson.com,+1 458-853-7877,avat,avatpass,1997-8-25,https://dummyjson.com/icon/avat/128,AB-,168,57,Hazel,150.73.197.233,8d:2e:c2:d6:e7:a8,University of Wisconsin--Madison,297-762,257-419-109,Mozilla/5.0 (Windows NT 10.0; Win64; x64) AppleWebKit/537.36 (KHTML, like Gecko) Chrome/96.0.4664.45 Safari/537.36,moderator
9,Ethan,Martinez,,33,male,ethan.martinez@x.dummyjson.com,+92 933-608-5081,ethanm,ethanmpass,1991-2-12,https://dummyjson.com/icon/ethanm/128,AB+,159,69,Hazel,63.191.127.71,59:e:9e:e3:29:da,Syracuse University,790-434,569-650-348,Mozilla/5.0 (Windows NT 10.0; Win64; x64) AppleWebKit/537.36 (KHTML, like Gecko) Chrome/95.0.4638.69 Safari/537.36,moderator
10,Isabella,Anderson,Davis,31,female,isabella.anderson@x.dummyjson.com,+49 770-658-4885,isabellad,isabelladpass,1993-6-10,https://dummyjson.com/icon/isabellad/128,A-,151,50,Brown,114.9.114.205,b1:b0:d0:a2:82:80,California Institute of Technology (Caltech),127-297,902-438-728,Mozilla/5.0 (Macintosh; Intel Mac OS X 10_15_7) AppleWebKit/537.36 (KHTML, like Gecko) Chrome/96.0.4664.93 Safari/537.36,moderator
11,Liam,Garcia,,29,male,liam.garcia@x.dummyjson.com,+92 870-217-6201,liamg,liamgpass,1995-6-6,https://dummyjson.com/icon/liamg/128,AB-,162,93,Violet,56.201.85.9,31:9a:28:8b:99:6c,Ohio State University,326-604,933-784-949,Mozilla/5.0 (Macintosh; Intel Mac OS X 10_15_7) AppleWebKit/537.36 (KHTML, like Gecko) Chrome/97.0.4692.99 Safari/537.36,moderator
12,Mia,Rodriguez,,24,female,mia.rodriguez@x.dummyjson.com,+49 989-461-8403,miar,miarpass,2000-8-4,https://dummyjson.com/icon/miar/128,O-,188,56,Blue,11.72.253.90,53:d7:a4:6:1e:58,William & Mary,754-660,749-524-124,Mozilla/5.0 (Macintosh; Intel Mac OS X 10_15_7) AppleWebKit/537.36 (KHTML, like Gecko) Chrome/95.0.4638.54 Safari/537.36,moderator
13,Noah,Hernandez,,40,male,noah.hernandez@x.dummyjson.com,+49 393-605-6968,noahh,noahhpass,1984-6-5,https://dummyjson.com/icon/noahh/128,AB+,189,69,Brown,169.154.126.57,d4:fe:ae:8f:eb:a3,New York University (NYU),877-628,660-847-389,Mozilla/5.0 (Windows NT 10.0; Win64; x64) AppleWebKit/537.36 (KHTML, like Gecko) Chrome/95.0.4638.54 Safari/537.36,moderator
14,Charlotte,Lopez,Martinez,36,female,charlotte.lopez@x.dummyjson.com,+44 373-953-5028,charlottem,charlottempass,1988-6-8,https://dummyjson.com/icon/charlottem/128,AB-,179,82,Brown,119.103.95.60,f6:ff:37:aa:6c:f1,Northeastern University,364-782,255-491-479,Mozilla/5.0 (Windows NT 10.0; Win64; x64) AppleWebKit/537.36 (KHTML, like Gecko) Chrome/96.0.4664.45 Safari/537.36,moderator
15,William,Gonzalez,,32,male,william.gonzalez@x.dummyjson.com,+81 905-252-7319,williamg,williamgpass,1992-3-27,https://dummyjson.com/icon/williamg/128,B-,173,82,Hazel,250.2.241.204,f5:68:28:f9:ec:89,Tufts University,830-515,690-544-755,Mozilla/5.0 (Macintosh; Intel Mac OS X 10_15_7) AppleWebKit/537.36 (KHTML, like Gecko) Chrome/96.0.4664.93 Safari/537.36,moderator
16,Avery,Perez,,25,female,avery.perez@x.dummyjson.com,+61 731-431-3457,averyp,averyppass,1999-3-10,https://dummyjson.com/icon/averyp/128,O-,173,94,Brown,131.217.4.214,b3:ff:f3:c5:37:46,Harvard University,348-493,679-523-686,Mozilla/5.0 (Macintosh; Intel Mac OS X 10_15_7) AppleWebKit/537.36 (KHTML, like Gecko) Chrome/95.0.4638.69 Safari/537.36,user
17,Evelyn,Sanchez,,37,female,evelyn.sanchez@x.dummyjson.com,+1 623-880-6871,evelyns,evelynspass,1987-10-13,https://dummyjson.com/icon/evelyns/128,B+,184,83,Violet,87.114.135.146,f8:e5:bd:43:bc:d8,Washington University in St. Louis,604-817,689-332-644,Mozilla/5.0 (Macintosh; Intel Mac OS X 10_15_7) AppleWebKit/537.36 (KHTML, like Gecko) Chrome/96.0.4664.45 Safari/537.36,user
18,Logan,Torres,,31,male,logan.torres@x.dummyjson.com,+81 507-434-8733,logant,logantpass,1993-10-26,https://dummyjson.com/icon/logant/128,A+,190,72,Green,155.98.15.162,40:d:5c:1:7d:bf,University of Illinois--Urbana-Champaign,576-218,806-639-934,Mozilla/5.0 (Macintosh; Intel Mac OS X 10_15_7) AppleWebKit/537.36 (KHTML, like Gecko) Chrome/96.0.4664.45 Safari/537.36,user
19,Abigail,Rivera,,28,female,abigail.rivera@x.dummyjson.com,+91 228-363-7806,abigailr,abigailrpass,1996-10-11,https://dummyjson.com/icon/abigailr/128,B+,186,75,Violet,19.183.240.94,1d:a6:58:2a:e5:e4,California Institute of Technology (Caltech),173-637,655-823-929,Mozilla/5.0 (Windows NT 10.0; Win64; x64) AppleWebKit/537.36 (KHTML, like Gecko) Edge/97.0.1072.76 Safari/537.36,user
20,Jackson,Evans,,34,male,jackson.evans@x.dummyjson.com,+44 468-628-6686,jacksone,jacksonepass,1990-11-30,https://dummyjson.com/icon/jacksone/128,O-,163,74,Green,221.127.144.198,81:14:1:97:88:85,Ohio State University,843-260,248-787-886,Mozilla/5.0 (Macintosh; Intel Mac OS X 10_15_7) AppleWebKit/537.36 (KHTML, like Gecko) Chrome/97.0.4692.99 Safari/537.36,user
21,Madison,Collins,,26,female,madison.collins@x.dummyjson.com,+81 259-957-5711,madisonc,madisoncpass,1998-3-7,https://dummyjson.com/icon/madisonc/128,B-,189,57,Red,85.34.1.204,13:b0:d0:23:4d:26,University of Pennsylvania,716-166,457-258-950,Mozilla/5.0 (Macintosh; Intel Mac OS X 10_15_7) AppleWebKit/537.36 (KHTML, like Gecko) Chrome/97.0.4692.99 Safari/537.36,user
22,Elijah,Stewart,,33,male,elijah.stewart@x.dummyjson.com,+44 468-357-7872,elijahs,elijahspass,1991-10-22,https://dummyjson.com/icon/elijahs/128,A-,195,82,Blue,23.87.135.62,75:17:c6:35:fc:6d,Georgetown University,520-394,287-380-801,Mozilla/5.0 (Macintosh; Intel Mac OS X 10_15_7) AppleWebKit/537.36 (KHTML, like Gecko) Chrome/96.0.4664.93 Safari/537.36,user
23,Chloe,Morales,,39,female,chloe.morales@x.dummyjson.com,+92 468-541-7133,chloem,chloempass,1985-4-21,https://dummyjson.com/icon/chloem/128,O+,185,64,Brown,66.78.20.21,fc:f:29:e1:37:b8,Syracuse University,913-597,938-883-163,Mozilla/5.0 (Windows NT 10.0; Win64; x64) AppleWebKit/537.36 (KHTML, like Gecko) Chrome/96.0.4664.93 Safari/537.36,user
24,Mateo,Nguyen,,30,male,mateo.nguyen@x.dummyjson.com,+1 341-597-6694,mateon,mateonpass,1994-6-2,https://dummyjson.com/icon/mateon/128,O+,174,60,Red,192.57.144.7,a7:26:10:7a:36:29,Columbia University,229-249,416-877-230,Mozilla/5.0 (Windows NT 10.0; Win64; x64) AppleWebKit/537.36 (KHTML, like Gecko) Chrome/95.0.4638.69 Safari/537.36,user
25,Harper,Kelly,Evans,27,female,harper.kelly@x.dummyjson.com,+92 518-863-2863,harpere,harperepass,1997-3-3,https://dummyjson.com/icon/harpere/128,AB-,184,82,Amber,174.111.61.162,b:ff:33:67:94:e4,Boston College,592-557,209-544-548,Mozilla/5.0 (Macintosh; Intel Mac OS X 10_15_7) AppleWebKit/537.36 (KHTML, like Gecko) Chrome/97.0.4692.99 Safari/537.36,user
26,Evelyn,Gonzalez,,35,female,evelyn.gonzalez@x.dummyjson.com,+61 708-508-4638,evelyng,evelyngpass,1989-2-5,https://dummyjson.com/icon/evelyng/128,O+,169,58,Red,42.52.74.232,89:5e:5a:2a:72:42,Washington University in St. Louis,569-275,487-680-127,Mozilla/5.0 (Windows NT 10.0; Win64; x64) AppleWebKit/537.36 (KHTML, like Gecko) Chrome/95.0.4638.54 Safari/537.36,user
27,Daniel,Cook,,41,male,daniel.cook@x.dummyjson.com,+44 254-761-6843,danielc,danielcpass,1983-12-25,https://dummyjson.com/icon/danielc/128,AB+,186,84,Brown,1.61.73.142,6e:73:dc:3a:85:10,Columbia University,585-905,645-515-583,Mozilla/5.0 (Windows NT 10.0; Win64; x64; rv:97.0) Gecko/20100101 Firefox/97.0,user
28,Lily,Lee,Brown,29,female,lily.lee@x.dummyjson.com,+1 808-757-9867,lilyb,lilybpass,1995-12-3,https://dummyjson.com/icon/lilyb/128,AB-,181,51,Gray,67.184.255.96,18:b6:c7:a:50:3f,Johns Hopkins University,229-776,358-185-671,Mozilla/5.0 (Windows NT 10.0; Win64; x64) AppleWebKit/537.36 (KHTML, like Gecko) Edge/97.0.1072.76 Safari/537.36,user
29,Henry,Hill,,38,male,henry.hill@x.dummyjson.com,+1 240-833-4680,henryh,henryhpass,1986-8-19,https://dummyjson.com/icon/henryh/128,O-,180,96,Gray,194.43.55.202,fa:c3:1b:21:5f:44,University of Illinois--Urbana-Champaign,118-957,925-686-100,Mozilla/5.0 (Windows NT 10.0; Win64; x64) AppleWebKit/537.36 (KHTML, like Gecko) Chrome/96.0.4664.93 Safari/537.36,user
30,Addison,Wright,,32,female,addison.wright@x.dummyjson.com,+1 514-384-3300,addisonw,addisonwpass,1992-1-3,https://dummyjson.com/icon/addisonw/128,B+,179,77,Brown,11.35.69.81,fb:0:94:21:16:c,Syracuse University,415-286,804-492-390,Mozilla/5.0 (Macintosh; Intel Mac OS X 10_15_7) AppleWebKit/537.36 (KHTML, like Gecko) Chrome/96.0.4664.93 Safari/537.36,user
